"Qty";"Value";"Device";"Package";"Parts";"Description";"MPN";"POPULARITY";"PROD_ID";"SF_SKU";"VALUE";
"3";"ATMEGA328P-MU-QFN32";"MCU-ATMEGA328P-MU(QFN32)";"QFN32G-0.5-5X5MM";"E1-MCU, E2-MCU, E3-MCU";"310010005";"ATMEGA328P-MU";"";"";"";"ATMEGA328P-MU-QFN32";
"1";"BOOST-MOD";"PINHD-2X3";"2X03";"BOOST-MOD";"PIN HEADER";"";"62";"";"";"";
"1";"E1-ICSP";"PINHD-2X3";"2X03";"E1-ICSP";"PIN HEADER";"";"62";"";"";"";
"1";"E2-ICSP";"PINHD-2X3";"2X03";"E2-ICSP";"PIN HEADER";"";"62";"";"";"";
"1";"E3-ICSP";"PINHD-2X3";"2X03";"E3-ICSP";"PIN HEADER";"";"62";"";"";"";
"1";"GPIO";"PINHD-2X20";"2X20";"GPIO";"PIN HEADER";"";"12";"";"";"";
"1";"PI-SPI";"PINHD-2X3";"2X03";"PI-SPI";"PIN HEADER";"";"62";"";"";"";
"3";"SPARKFUN-RGBLEDPUSH";"ENCODER-RGB-SWITCH";"ENCODER_LED_3";"E1, E2, E3";"Illuminated Rotary Encoder w/ RGB LED and select switch";"";"";"RES-10859";"COM-10982";"";
